player_id,name,Games,Games_Started,Passing_Cmp,Passing_Att,Passing_Yds,Passing_Tds,Passing_Ints,Rushing_Atts,Rushing_Yds,Rushing_YA,Rushing_Tds,Receiving_Tgts,Receiving_Recs,Receiving_Yds,Receiving YR,Receiving_Tds,FantPt
1255,Todd Gurley,15,15,0,0,0,0,0,279,1305,4.68,13,87,64,788,12.31,6,319
1893,Le'Veon Bell,15,15,0,0,0,0,0,321,1291,4.02,9,106,85,655,7.71,2,259
1111,Kareem Hunt,16,16,0,0,0,0,0,272,1327,4.88,8,63,53,455,8.58,3,242
1543,Alvin Kamara,16,3,0,0,0,0,0,120,728,6.07,8,100,81,826,10.2,5,233
890,DeAndre Hopkins,15,15,0,0,0,0,0,0,0,,0,174,96,1378,14.35,13,216
1180,Melvin Gordon,16,16,0,0,0,0,0,284,1105,3.89,8,83,58,476,8.21,4,230
1896,Antonio Brown,14,14,0,0,0,0,0,0,0,,0,163,101,1533,15.18,9,211
2091,Russell Wilson,16,16,339,553,3983,34,11,95,586,6.17,3,0,0,0,,0,354
1541,Mark Ingram,16,13,0,0,0,0,0,230,1124,4.89,12,71,58,416,7.17,0,220
249,LeSean McCoy,16,16,0,0,0,0,0,287,1138,3.97,6,77,59,448,7.59,2,205
1510,Rob Gronkowski,14,14,0,0,0,0,0,0,0,,0,105,69,1084,15.71,8,158
1115,Travis Kelce,15,15,0,1,0,0,1,2,7,3.5,0,122,83,1038,12.51,8,151
1028,Leonard Fournette,13,13,0,0,0,0,0,268,1040,3.88,9,48,36,302,8.39,1,194
1163,Keenan Allen,16,15,0,0,0,0,0,2,9,4.5,0,159,102,1393,13.66,6,176
735,Marvin Jones,16,16,0,0,0,0,0,0,0,,0,107,61,1101,18.05,9,166
1108,Tyreek Hill,15,13,0,1,0,0,1,17,59,3.47,0,105,75,1183,15.77,7,164
94,Julio Jones,16,16,0,0,0,0,0,1,15,15,0,148,88,1444,16.41,3,164
593,Ezekiel Elliott,10,10,0,0,0,0,0,242,983,4.06,7,38,26,269,10.35,2,177
387,Jordan Howard,16,16,0,0,0,0,0,276,1122,4.07,9,32,23,125,5.43,0,177
1834,Zach Ertz,14,13,0,0,0,0,0,0,0,,0,110,74,824,11.14,8,130
324,Cam Newton,16,16,291,492,3302,22,16,139,754,5.42,6,0,0,0,,0,303
1982,Carlos Hyde,16,16,0,0,0,0,0,240,938,3.91,8,88,59,350,5.93,0,175
1132,Alex Smith,15,15,341,505,4042,26,5,60,355,5.92,1,0,0,0,,0,299
1452,Brandin Cooks,16,15,0,0,0,0,0,9,40,4.44,0,114,65,1082,16.65,7,156
1350,Michael Thomas,16,14,0,0,0,0,0,0,0,,0,149,104,1245,11.97,5,155
1450,Tom Brady,16,16,385,581,4577,32,8,25,28,1.12,0,0,0,0,,0,296
10,Larry Fitzgerald,16,16,1,1,21,0,0,0,0,,0,161,109,1156,10.61,6,152
453,AJ Green,16,16,0,0,0,0,0,0,0,,0,143,75,1078,14.37,8,152
794,Davante Adams,14,14,0,0,0,0,0,0,0,,0,117,74,885,11.96,10,151
1467,Dion Lewis,16,8,0,0,0,0,0,180,896,4.98,6,35,32,214,6.69,3,165
81,Devonta Freeman,14,14,0,0,0,0,0,196,865,4.41,7,47,36,317,8.81,1,164
1422,Adam Thielen,16,16,0,0,0,0,0,1,11,11,0,142,91,1276,14.02,4,149
2043,Doug Baldwin,16,16,0,0,0,0,0,2,-8,-4,0,116,75,991,13.21,8,148
1329,Jarvis Landry,16,16,0,1,0,0,0,1,-7,-7,0,161,112,987,8.81,9,148
2056,Jimmy Graham,16,13,0,0,0,0,0,0,0,,0,96,57,520,9.12,10,116
904,Lamar Miller,16,13,0,0,0,0,0,238,888,3.73,3,45,36,327,9.08,3,158
1869,Carson Wentz,13,13,265,440,3296,33,7,64,299,4.67,0,0,0,0,,0,284
1844,Alshon Jeffery,16,16,0,0,0,0,0,0,0,,0,120,57,789,13.84,9,141
1607,Evan Engram,15,11,0,0,0,0,0,1,14,14,0,115,64,722,11.28,6,110
1674,Robby Anderson,16,15,0,0,0,0,0,3,9,3,0,114,63,941,14.94,7,139
756,Matthew Stafford,16,16,371,565,4446,29,10,29,98,3.38,0,0,0,0,,0,278
2265,Kirk Cousins,16,16,347,540,4093,27,13,49,179,3.65,4,0,0,0,,0,278
1386,Stefon Diggs,14,14,0,0,0,0,0,8,13,1.63,0,95,64,849,13.27,8,134
321,Christian McCaffrey,16,10,0,0,0,0,0,117,435,3.72,2,113,80,651,8.14,5,149
2181,Mike Evans,15,15,0,0,0,0,0,0,0,,0,136,71,1001,14.1,5,134
303,Devin Funchess,16,16,0,0,0,0,0,0,0,,0,111,63,840,13.33,8,134
1936,JuJu Smith-Schuster,14,7,0,0,0,0,0,0,0,,0,79,58,917,15.81,7,134
152,Alex Collins,15,12,0,0,0,0,0,212,973,4.59,6,36,23,187,8.13,0,148
647,CJ Anderson,16,16,0,0,0,0,0,245,1007,4.11,3,40,28,224,8,1,147
759,Golden Tate,16,12,0,0,0,0,0,5,22,4.4,0,120,92,1003,10.9,5,133
1415,Kyle Rudolph,16,16,0,0,0,0,0,0,0,,0,81,57,532,9.33,8,101
2236,Delanie Walker,16,11,0,0,0,0,0,2,-2,-1,1,111,74,807,10.91,3,101
955,Frank Gore,16,16,0,0,0,0,0,261,961,3.68,3,38,29,245,8.45,1,145
1203,Philip Rivers,16,16,360,575,4515,28,10,18,-2,-0.11,0,0,0,0,,0,272
1779,Marshawn Lynch,15,15,0,0,0,0,0,207,891,4.3,7,31,20,151,7.55,0,144
1408,Latavius Murray,16,11,0,0,0,0,0,216,842,3.9,8,17,15,103,6.87,0,143
528,Duke Johnson,16,0,0,0,0,0,0,82,348,4.24,4,93,74,693,9.36,3,142
696,Demaryius Thomas,16,16,0,0,0,0,0,0,0,,0,140,83,949,11.43,5,127
80,Tevin Coleman,15,3,0,0,0,0,0,156,628,4.03,5,39,27,299,11.07,3,141
2125,Cameron Brate,16,6,0,0,0,0,0,0,0,,0,77,48,591,12.31,6,95
1818,Nelson Agholor,16,10,0,0,0,0,0,1,7,7,0,95,62,768,12.39,8,126
616,Dak Prescott,16,16,308,490,3324,22,13,57,357,6.26,6,0,0,0,,0,267
951,Jack Doyle,15,15,0,0,0,0,0,0,0,,0,108,80,690,8.63,4,91
1932,Ben Roethlisberger,15,15,360,561,4251,28,14,28,47,1.68,0,0,0,0,,0,263
1522,Drew Brees,16,16,386,536,4334,23,8,33,12,0.36,2,0,0,0,,0,263
960,TY Hilton,16,16,0,0,0,0,0,0,0,,0,109,57,966,16.95,4,119
2219,DeMarco Murray,15,15,0,0,0,0,0,184,659,3.58,6,47,39,266,6.82,1,133
585,Dez Bryant,16,16,0,0,0,0,0,1,-4,-4,0,132,69,838,12.14,6,117
1345,Kenny Stills,16,16,0,0,0,0,0,0,0,,0,105,58,847,14.6,6,117
1265,Cooper Kupp,15,6,0,1,0,0,0,0,0,,0,94,62,869,14.02,5,115
628,Jason Witten,16,16,0,0,0,0,0,0,0,,0,87,63,560,8.89,5,84
1763,Michael Crabtree,14,14,0,0,0,0,0,0,0,,0,101,58,618,10.66,8,114
466,Tyler Kroft,16,16,0,0,0,0,0,0,0,,0,62,42,404,9.62,7,82
1699,Jermaine Kearse,16,14,0,0,0,0,0,0,0,,0,102,65,810,12.46,5,113
1254,Jared Goff,15,15,296,477,3804,28,7,28,51,1.82,1,0,0,0,,0,255
1182,Hunter Henry,14,13,0,0,0,0,0,0,0,,0,62,45,579,12.87,4,82
292,Alex Armah,9,0,0,0,0,0,0,0,0,,0,0,0,0,,0,
1655,Shane Smith,11,4,0,0,0,0,0,0,0,,0,0,0,0,,0,
1018,Blake Bortles,16,16,315,523,3687,21,13,57,322,5.65,2,0,0,0,,0,252
1402,Case Keenum,15,14,325,481,3547,22,7,40,160,4,1,0,0,0,,0,240
110,Matt Ryan,16,16,342,529,4095,20,12,32,143,4.47,0,0,0,0,,0,230
260,Tyrod Taylor,15,14,263,420,2799,14,4,84,427,5.08,4,0,0,0,,0,223
2215,Marcus Mariota,15,15,281,453,3232,13,15,60,312,5.2,5,0,0,0,,0,214
446,Andy Dalton,16,16,297,496,3320,25,12,38,99,2.61,0,0,0,0,,0,211
943,Jacoby Brissett,16,15,276,469,3098,13,7,63,260,4.13,4,0,0,0,,0,208
1703,Josh McCown,13,13,267,397,2926,18,9,37,124,3.35,5,0,0,0,,0,207
1755,Derek Carr,15,15,323,515,3496,22,13,23,66,2.87,0,0,0,0,,0,206
2168,Jameis Winston,13,13,282,442,3504,19,11,33,135,4.09,1,0,0,0,,0,204
1623,Eli Manning,15,15,352,571,3468,19,13,12,26,2.17,1,0,0,0,,0,195
158,Joe Flacco,16,16,352,549,3141,18,13,25,54,2.16,1,0,0,0,,0,185
534,DeShone Kizer,15,15,255,476,2894,11,22,77,419,5.44,5,0,0,0,,0,176
937,Deshaun Watson,7,6,126,204,1699,19,8,36,269,7.47,2,0,0,0,,0,173
1312,Jay Cutler,14,14,266,429,2666,19,14,19,32,1.68,0,0,0,0,,0,158
411,Mitch Trubisky,12,12,196,330,2193,7,7,41,248,6.05,2,0,0,0,,0,137
860,Aaron Rodgers,7,7,154,238,1675,16,6,24,126,5.25,0,0,0,0,,0,134
690,Trevor Siemian,11,10,206,349,2285,12,14,31,127,4.1,1,0,0,0,,0,130
1406,Jerick McKinnon,16,1,0,0,0,0,0,150,570,3.8,3,68,51,421,8.25,2,127
2202,Derrick Henry,16,2,0,0,0,0,0,176,744,4.23,5,17,11,136,12.36,1,124
816,Brett Hundley,11,9,192,316,1836,9,12,36,270,7.5,2,1,1,10,10,0,123
1710,Bilal Powell,15,10,0,0,0,0,0,178,772,4.34,5,33,23,170,7.39,0,122
144,Javorius Allen,16,0,0,0,0,0,0,153,591,3.86,4,60,46,250,5.43,2,120
1602,Orleans Darkwa,15,11,0,0,0,0,0,171,751,4.39,5,28,19,116,6.11,0,119
844,Jamaal Williams,16,7,0,0,0,0,0,153,556,3.63,4,34,25,262,10.48,2,118
518,Isaiah Crowell,16,16,0,0,0,0,0,206,853,4.14,2,42,28,182,6.5,0,116
1978,Marquise Goodwin,16,16,0,0,0,0,0,4,44,11,0,105,56,962,17.18,2,113
913,Chris Thompson,10,1,0,0,0,0,0,64,294,4.59,2,54,39,510,13.08,4,112
1819,Jay Ajayi,14,8,0,0,0,0,0,208,873,4.2,1,34,24,158,6.58,1,111
472,Joe Mixon,14,7,0,0,0,0,0,178,626,3.52,4,34,30,287,9.57,0,111
1761,Amari Cooper,14,12,0,0,0,0,0,1,4,4,0,96,48,680,14.17,7,110
1315,Kenyan Drake,16,6,0,0,0,0,0,133,644,4.84,3,48,32,239,7.47,1,110
437,Giovani Bernard,16,2,0,0,0,0,0,105,458,4.36,2,60,43,389,9.05,2,109
334,Jonathan Stewart,15,10,0,0,0,0,0,198,680,3.43,6,15,8,52,6.5,1,109
2075,Paul Richardson,16,13,0,0,0,0,0,0,0,,0,80,44,703,15.98,6,108
1531,Ted Ginn,15,10,0,0,0,0,0,10,39,3.9,0,70,53,787,14.85,4,107
112,Mohamed Sanu,15,15,1,1,51,1,0,4,10,2.5,0,96,67,703,10.49,5,107
1281,Sammy Watkins,15,14,0,0,0,0,0,0,0,,0,70,39,593,15.21,8,107
1286,Robert Woods,12,11,0,0,0,0,0,2,12,6,0,85,56,781,13.95,5,107
2216,Rishard Matthews,14,11,0,0,0,0,0,1,-3,-3,0,87,53,795,15,4,105
4,Carson Palmer,7,7,164,267,1978,9,7,14,12,0.86,0,0,0,0,,0,104
748,Theo Riddick,16,5,0,0,0,0,0,84,286,3.4,3,71,53,444,8.38,2,101
1823,LeGarrette Blount,16,11,0,0,0,0,0,173,766,4.43,2,8,8,50,6.25,1,100
1468,Rex Burkhead,10,3,0,0,0,0,0,64,264,4.13,5,36,30,254,8.47,3,100
719,Ameer Abdullah,14,11,0,0,0,0,0,165,552,3.35,4,35,25,162,6.48,1,99
188,Mike Wallace,15,14,0,0,0,0,0,1,4,4,0,92,52,748,14.38,4,99
1213,Tyrell Williams,16,15,0,0,0,0,0,0,0,,0,69,43,728,16.93,4,95
2266,Jamison Crowder,15,6,0,0,0,0,0,7,34,4.86,0,103,66,789,11.95,3,94
805,Randall Cobb,15,14,1,1,10,0,0,9,17,1.89,0,92,66,653,9.89,4,93
2142,DeSean Jackson,14,13,0,0,0,0,0,3,38,12.67,0,90,50,668,13.36,3,93
1040,Marqise Lee,14,14,0,1,0,0,0,1,17,17,0,96,56,702,12.54,3,92
374,Tarik Cohen,16,4,1,2,21,1,0,87,370,4.25,2,71,53,353,6.66,1,91
1024,Keelan Cole,16,6,0,0,0,0,0,0,0,,0,83,42,748,17.81,3,91
1166,Travis Benjamin,16,3,0,0,0,0,0,13,96,7.38,0,62,34,567,16.68,4,90
1962,CJ Beathard,7,5,123,224,1430,4,6,26,136,5.23,3,0,0,0,,0,89
223,Kelvin Benjamin,14,14,0,0,0,0,0,0,0,,0,78,48,692,14.42,3,87
883,Will Fuller,10,10,0,0,0,0,0,2,9,4.5,0,50,28,423,15.11,7,87
1977,Jimmy Garoppolo,6,5,120,178,1560,7,5,15,11,0.73,1,1,1,-6,-6,0,87
2295,Samaje Perine,16,8,0,0,0,0,0,175,603,3.45,1,24,22,182,8.27,1,87
830,Jordy Nelson,15,15,0,0,0,0,0,0,0,,0,88,53,482,9.09,6,86
1633,Sterling Shepard,11,10,0,0,0,0,0,4,4,1,0,84,59,731,12.39,2,86
2268,Josh Doctson,16,14,0,0,0,0,0,1,-14,-14,0,78,35,502,14.34,6,85
1828,Corey Clement,16,0,0,0,0,0,0,74,321,4.34,4,15,10,123,12.3,2,84
1966,Matt Breida,16,0,0,0,0,0,0,105,465,4.43,2,36,21,180,8.57,1,83
1897,Martavis Bryant,15,8,0,0,0,0,0,6,22,3.67,0,84,50,603,12.06,3,83
1689,Matt Forte,12,4,0,0,0,0,0,103,381,3.7,2,45,37,293,7.92,1,83
965,Marlon Mack,14,0,0,0,0,0,0,93,358,3.85,3,33,21,225,10.71,1,82
2273,Ryan Grant,16,7,0,0,0,0,0,0,0,,0,65,45,573,12.73,4,81
1176,Austin Ekeler,16,0,0,0,0,0,0,47,260,5.53,2,35,27,279,10.33,3,80
2132,Ryan Fitzpatrick,6,3,96,163,1103,7,3,16,76,4.75,0,0,0,0,,0,80
1760,Jared Cook,16,16,0,0,0,0,0,0,0,,0,86,54,688,12.74,2,79
2267,Vernon Davis,16,16,0,0,0,0,0,0,0,,0,69,43,648,15.07,3,79
729,Eric Ebron,16,9,0,0,0,0,0,0,0,,0,86,53,574,10.83,4,79
1506,Danny Amendola,15,8,0,0,0,0,0,0,0,,0,86,61,659,10.8,2,78
189,Benjamin Watson,16,12,0,0,0,0,0,0,0,,0,79,61,522,8.56,4,78
1462,James White,14,4,0,0,0,0,0,43,171,3.98,0,72,56,429,7.66,3,78
1453,Chris Hogan,9,7,0,0,0,0,0,3,17,5.67,0,59,34,439,12.91,5,76
2140,OJ Howard,14,14,0,0,0,0,0,0,0,,0,39,26,432,16.62,6,75
1337,DeVante Parker,13,12,0,0,0,0,0,0,0,,0,96,57,670,11.75,1,75
1139,Albert Wilson,13,7,0,0,0,0,0,3,6,2,0,62,42,554,13.19,3,74
467,Brandon LaFell,16,15,0,0,0,0,0,0,0,,0,89,52,548,10.54,3,73
2066,Tyler Lockett,16,8,0,0,0,0,0,10,58,5.8,0,71,45,555,12.33,2,73
621,Rod Smith,15,1,0,0,0,0,0,55,232,4.22,4,23,19,202,10.63,1,73
12,Jaron Brown,16,8,0,0,0,0,0,0,0,,0,69,31,477,15.39,4,72
1610,Wayne Gallman,13,1,0,0,0,0,0,111,476,4.29,0,48,34,193,5.68,1,71
90,Austin Hooper,16,8,0,0,0,0,0,0,0,,0,65,49,526,10.73,3,71
819,Aaron Jones,12,4,0,0,0,0,0,81,448,5.53,4,18,9,22,2.44,0,71
2121,Peyton Barber,16,4,0,0,0,0,0,108,423,3.92,3,19,16,114,7.13,0,70
732,Kenny Golladay,11,5,0,0,0,0,0,1,9,9,0,48,28,477,17.04,3,69
829,Ty Montgomery,8,5,0,0,0,0,0,71,273,3.85,3,31,23,173,7.52,1,69
415,Kendall Wright,16,4,0,0,0,0,0,0,0,,0,91,59,614,10.41,1,69
226,Charles Clay,13,13,0,0,0,0,0,0,0,,0,74,49,558,11.39,2,68
1469,Mike Gillislee,9,2,0,0,0,0,0,104,383,3.68,5,1,1,15,15,0,68
2141,Adam Humphries,16,3,0,0,0,0,0,1,6,6,0,83,61,631,10.34,1,68
683,Brock Osweiler,6,4,96,172,1088,5,5,14,64,4.57,1,0,0,0,,0,68
19,Adrian Peterson,10,7,0,0,0,0,0,156,529,3.39,2,19,11,70,6.36,0,68
689,Emmanuel Sanders,12,11,0,0,0,0,0,0,0,,0,92,47,555,11.81,2,68
2145,Doug Martin,11,8,0,0,0,0,0,138,406,2.94,3,18,9,84,9.33,0,67
263,Deonte Thompson,16,10,0,0,0,0,0,2,-5,-2.5,0,69,38,555,14.61,2,67
1446,Brian Hoyer,11,6,123,211,1287,4,4,9,4,0.44,1,0,0,0,,0,66
2069,JD McKissic,13,1,0,0,0,0,0,46,187,4.07,1,46,34,266,7.82,2,65
613,Alfred Morris,14,5,0,0,0,0,0,115,547,4.76,1,9,7,45,6.43,0,65
13,JJ Nelson,16,5,0,0,0,0,0,3,37,12.33,0,61,29,508,17.52,2,65
1034,Chris Ivory,14,3,0,0,0,0,0,112,382,3.41,1,28,21,175,8.33,1,64
1988,George Kittle,15,7,0,0,0,0,0,0,0,,0,63,43,515,11.98,2,64
1041,Marcedes Lewis,16,16,0,0,0,0,0,0,0,,0,48,24,318,13.25,5,64
543,David Njoku,16,5,0,0,0,0,0,1,1,1,0,60,32,386,12.06,4,63
2198,Eric Decker,16,8,0,1,0,0,0,0,0,,0,83,54,563,10.43,1,62
8,Blaine Gabbert,5,5,95,171,1086,6,6,23,82,3.57,0,0,0,0,,0,62
1033,Allen Hurns,10,8,0,0,0,0,0,0,0,,0,56,39,484,12.41,2,62
171,Jeremy Maclin,12,12,0,0,0,0,0,0,0,,0,72,40,440,11,3,62
626,Terrance Williams,16,14,0,0,0,0,0,2,15,7.5,0,78,53,568,10.72,0,62
652,Devontae Booker,13,0,0,0,0,0,0,79,299,3.78,1,38,30,275,9.17,0,61
2135,Chris Godwin,16,2,0,0,0,0,0,0,0,,0,55,34,525,15.44,1,59
1704,Elijah McGuire,16,2,0,0,0,0,0,88,315,3.58,1,26,17,177,10.41,1,59
1792,Jalen Richard,16,1,0,0,0,0,0,56,275,4.91,1,36,27,256,9.48,1,59
1969,Garrett Celek,16,13,0,0,0,0,0,0,0,,0,33,21,336,16,4,58
28,Kerwynn Williams,16,6,0,0,0,0,0,120,426,3.55,1,15,10,93,9.3,0,58
1067,TJ Yeldon,10,0,0,0,0,0,0,49,253,5.16,2,41,30,224,7.47,0,58
1826,Trey Burton,15,1,0,0,0,0,0,0,0,,0,31,23,248,10.78,5,57
1349,Julius Thomas,14,13,0,0,0,0,0,0,0,,0,62,41,388,9.46,3,57
580,Cole Beasley,15,4,0,0,0,0,0,0,0,,0,63,36,314,8.72,4,55
1923,Jesse James,16,14,0,0,0,0,0,0,0,,0,63,43,372,8.65,3,55
1790,Cordarrelle Patterson,16,2,0,0,0,0,0,13,121,9.31,2,42,31,309,9.97,0,55
1862,Torrey Smith,16,14,0,0,0,0,0,1,-3,-3,0,67,36,430,11.94,2,55
2006,Trent Taylor,15,1,0,0,0,0,0,0,0,,0,60,43,430,10,2,55
1439,Dalvin Cook,4,4,0,0,0,0,0,74,354,4.78,2,16,11,90,8.18,0,54
1622,Roger Lewis,15,8,0,0,0,0,0,0,0,,0,72,36,416,11.56,2,54
1657,Odell Beckham Jr.,4,2,0,0,0,0,0,1,8,8,0,41,25,302,12.08,3,53
660,Bennie Fowler,16,4,0,0,0,0,0,0,0,,0,56,29,350,12.07,3,53
586,Brice Butler,13,0,0,0,0,0,0,0,0,,0,23,15,317,21.13,3,52
302,Ed Dickson,16,12,0,0,0,0,0,0,0,,0,48,30,437,14.57,1,52
1179,Antonio Gates,16,4,0,0,0,0,0,0,0,,0,52,30,316,10.53,3,52
1714,Austin Seferian-Jenkins,13,10,0,0,0,0,0,0,0,,0,74,50,357,7.14,3,52
11,John Brown,10,5,0,0,0,0,0,1,10,10,0,55,21,299,14.24,3,51
881,D'Onta Foreman,10,1,0,0,0,0,0,78,327,4.19,2,8,6,83,13.83,0,51
970,Donte Moncrief,12,8,0,0,0,0,0,0,0,,0,47,26,391,15.04,2,51
910,Tom Savage,8,7,125,223,1412,5,6,4,2,0.5,0,0,0,0,,0,51
1802,DeAndre Washington,15,0,0,0,0,0,0,57,153,2.68,2,45,34,197,5.79,1,51
1525,Brandon Coleman,16,6,0,0,0,0,0,0,0,,0,37,23,364,15.83,3,50
2026,Pierre Garcon,8,8,0,0,0,0,0,0,0,,0,67,40,500,12.5,0,50
6,Drew Stanton,5,4,79,159,894,6,5,9,7,0.78,0,0,0,0,,0,50
879,Bruce Ellington,11,6,0,0,0,0,0,3,17,5.67,0,57,29,330,11.38,2,49
82,Taylor Gabriel,16,4,0,0,0,0,0,8,49,6.13,0,51,33,378,11.45,1,49
33,Andre Ellington,12,2,0,0,0,0,0,20,55,2.75,1,59,39,369,9.46,0,48
736,TJ Jones,14,6,0,0,0,0,0,0,0,,0,49,30,399,13.3,1,48
1793,Seth Roberts,15,7,0,0,0,0,0,0,0,,0,65,43,455,10.58,1,48
1138,Charcandrick West,13,0,0,0,0,0,0,18,72,4,2,34,27,150,5.56,2,46
654,Jamaal Charles,14,0,0,0,0,0,0,69,296,4.29,1,28,23,129,5.61,0,45
367,Josh Bellamy,15,7,0,0,0,0,0,1,6,6,0,46,24,376,15.67,1,44
520,Seth Devalve,16,4,0,0,0,0,0,0,0,,0,58,33,395,11.97,1,44
61,Jermaine Gresham,14,14,0,0,0,0,0,0,0,,0,46,33,322,9.76,2,44
244,Zay Jones,15,10,0,0,0,0,0,0,0,,0,74,27,316,11.7,2,44
570,Corey Coleman,9,8,0,0,0,0,0,0,0,,0,58,23,305,13.26,2,43
675,Cody Latimer,11,1,0,0,0,0,0,0,0,,0,31,19,287,15.11,2,43
1530,Coby Fleener,11,0,0,0,0,0,0,0,0,,0,30,22,295,13.41,2,42
524,Rashard Higgins,15,4,0,0,0,0,0,1,4,4,0,50,27,312,11.56,2,42
1620,Tavarres King,8,3,0,0,0,0,0,2,3,1.5,0,37,18,240,13.33,3,42
174,Chris Moore,13,4,0,0,0,0,0,2,-9,-4.5,0,38,18,248,13.78,3,42
254,Nick O'Leary,15,5,0,0,0,0,0,0,0,,0,32,22,322,14.64,2,42
1336,Matt Moore,4,2,78,127,861,4,5,3,9,3,0,0,0,0,,0,41
867,Stephen Anderson,15,5,0,0,0,0,0,0,0,,0,52,25,342,13.68,1,40
571,Josh Gordon,5,5,0,0,0,0,0,0,0,,0,42,18,335,18.61,1,40
87,Justin Hardy,16,1,0,0,0,0,0,0,0,,0,29,20,221,11.05,3,40
388,Dontrelle Inman,12,7,0,0,0,0,0,0,0,,0,44,25,343,13.72,1,40
2158,Charles Sims,16,0,0,0,0,0,0,21,95,4.52,0,47,35,249,7.11,1,40
1641,Shane Vereen,16,0,0,1,0,0,1,45,164,3.64,0,53,44,253,5.75,0,40
1089,Dede Westbrook,7,5,0,0,0,0,0,0,0,,0,51,27,339,12.56,1,40
1355,Damien Williams,11,4,0,0,0,0,0,46,181,3.93,0,28,20,155,7.75,1,40
1031,Corey Grant,16,0,0,0,0,0,0,30,248,8.27,2,4,3,41,13.67,0,39
2090,Luke Willson,16,7,0,0,0,0,0,0,0,,0,22,15,153,10.2,4,39
869,Alfred Blue,11,0,0,0,0,0,0,71,262,3.69,1,9,7,54,7.71,0,38
510,Kenny Britt,12,4,0,0,0,0,0,0,0,,0,43,20,256,12.8,2,38
1835,Nick Foles,7,3,57,101,537,5,2,11,3,0.27,0,0,0,0,,0,38
2003,Aldrick Robinson,16,1,0,0,0,0,0,0,0,,0,48,19,260,13.68,2,38
2154,Jacquizz Rodgers,16,4,0,0,0,0,0,64,244,3.81,1,11,9,74,8.22,0,38
62,Ricky Seals-Jones,10,1,0,0,0,0,0,0,0,,0,28,12,201,16.75,3,38
377,Benny Cunningham,14,0,0,0,0,0,0,9,29,3.22,0,26,20,240,12,2,37
2096,Mike Davis,6,6,0,0,0,0,0,68,240,3.53,0,18,15,131,8.73,0,37
1986,Kyle Juszczyk,14,10,0,0,0,0,0,7,31,4.43,0,42,33,315,9.55,1,37
265,Mike Tolbert,12,0,0,0,0,0,0,66,247,3.74,1,17,14,78,5.57,0,37
1243,Malcolm Brown,11,1,0,0,0,0,0,63,246,3.9,1,11,9,53,5.89,0,36
2197,Corey Davis,11,9,0,0,0,0,0,0,0,,0,65,34,375,11.03,0,36
1606,Rhett Ellison,16,14,0,0,0,0,0,0,0,,0,32,24,235,9.79,2,36
1252,Gerald Everett,16,2,0,0,0,0,0,1,13,13,0,32,16,244,15.25,2,36
730,Darren Fells,16,13,0,0,0,0,0,0,0,,0,26,17,177,10.41,3,36
1260,Tyler Higbee,16,16,0,0,0,0,0,0,0,,0,45,25,295,11.8,1,36
1769,Johnny Holton,16,1,0,0,0,0,0,0,0,,0,18,9,218,24.22,3,36
536,Ricardo Louis,16,9,0,0,0,0,0,0,0,,0,61,27,357,13.22,0,36
431,Zach Miller,8,6,0,0,0,0,0,0,0,,0,35,20,236,11.8,2,36
918,TJ Yates,4,3,47,97,523,4,3,5,51,10.2,0,0,0,0,,0,36
441,Tyler Boyd,10,1,0,0,0,0,0,0,0,,0,32,22,225,10.23,2,35
977,Chester Rogers,11,4,0,0,0,0,0,3,8,2.67,0,37,23,284,12.35,1,35
656,AJ Derby,11,1,0,0,0,0,0,0,0,,0,40,21,244,11.62,2,34
382,Mike Glennon,4,4,93,140,833,4,5,4,4,1,0,0,0,0,,0,34
526,Kevin Hogan,4,1,46,75,517,4,5,10,71,7.1,0,0,0,0,,0,34
1861,Wendell Smallwood,8,3,0,0,0,0,0,47,174,3.7,1,18,13,103,7.92,0,34
2103,Chris Carson,4,3,0,0,0,0,0,49,208,4.24,0,8,7,59,8.43,1,33
2298,Jordan Reed,6,5,0,0,0,0,0,0,0,,0,35,27,211,7.81,2,33
2233,Taywan Taylor,16,4,0,0,0,0,0,8,43,5.38,0,28,16,231,14.44,1,33
1320,Jakeem Grant,16,0,0,0,0,0,0,3,12,4,0,22,13,203,15.62,2,32
248,Jordan Matthews,10,7,0,0,0,0,0,0,0,,0,36,25,282,11.28,1,32
1427,Jarius Wright,16,0,0,0,0,0,0,0,0,,0,25,18,198,11,2,32
405,Adam Shaheen,13,7,0,0,0,0,0,0,0,,0,14,12,127,10.58,3,31
1237,Tavon Austin,16,9,0,0,0,0,0,59,270,4.58,1,22,13,47,3.62,0,30
733,Tion Green,5,0,0,0,0,0,0,42,165,3.93,2,2,2,14,7,0,30
1107,Demetrius Harris,16,7,0,0,0,0,0,0,0,,0,35,18,224,12.44,1,30
238,Andre Holmes,14,2,0,0,0,0,0,0,0,,0,22,13,120,9.23,3,30
2296,Terrelle Pryor Sr,9,2,0,0,0,0,0,0,0,,0,37,20,240,12,1,30
2329,Martellus Bennett,9,7,0,0,0,0,0,0,0,,0,44,30,286,9.53,0,29
1843,Mack Hollins,16,0,0,0,0,0,0,0,0,,0,22,16,226,14.13,1,29
148,Michael Campanaro,13,0,0,0,0,0,0,5,42,8.4,0,27,19,173,9.11,1,28
30,Elijhaa Penny,16,0,0,0,0,0,0,31,124,4,2,6,4,38,9.5,0,28
331,Russell Shepard,15,3,0,0,0,0,0,2,19,9.5,0,32,17,202,11.88,1,28
2228,Jonnu Smith,16,13,0,0,0,0,0,0,0,,0,30,18,157,8.72,2,28
192,Terrance West,5,4,0,0,0,0,0,39,138,3.54,2,4,2,23,11.5,0,28
1438,Sam Bradford,2,2,32,43,382,3,0,2,-3,-1.5,0,0,0,0,,0,27
1709,Bryce Petty,4,3,55,112,544,1,3,7,55,7.86,0,0,0,0,,0,27
1136,De'Anthony Thomas,16,2,0,0,0,0,0,1,4,4,0,16,14,143,10.21,2,27
1965,Kendrick Bourne,11,0,0,0,0,0,0,0,0,,0,34,16,257,16.06,0,26
668,Jeff Heuerman,14,6,0,0,0,0,0,0,0,,0,21,9,142,15.78,2,26
821,Lance Kendricks,16,9,0,0,0,0,0,0,0,,0,35,18,203,11.28,1,26
219,Danny Woodhead,8,0,0,0,0,0,0,14,56,4,0,39,33,200,6.06,0,26
664,Virgil Green,16,16,0,0,0,0,0,0,0,,0,22,14,191,13.64,1,25
1927,Vance McDonald,10,7,0,0,0,0,0,0,0,,0,24,14,188,13.43,1,25
361,Greg Olsen,7,7,0,0,0,0,0,0,0,,0,38,17,191,11.24,1,25
353,Damiere Byrd,8,3,0,0,0,0,0,1,12,12,0,17,10,105,10.5,2,24
449,Alex Erickson,16,0,0,0,0,0,0,5,16,3.2,0,16,12,180,15,1,24
886,Ryan Griffin,7,6,0,0,0,0,0,0,0,,0,26,13,158,12.15,1,24
1743,Jeremy Kerley,8,2,0,0,0,0,0,0,0,,0,27,22,217,9.86,1,24
406,Dion Sims,14,14,0,0,0,0,0,0,0,,0,29,15,180,12,1,24
796,Geronimo Allison,15,2,0,0,0,0,0,0,0,,0,39,23,253,11,0,23
1017,Tommy Bohanon,16,10,0,0,0,0,0,5,5,1,2,11,6,43,7.17,1,23
2064,Eddie Lacy,9,3,0,0,0,0,0,69,179,2.59,0,6,6,47,7.83,0,23
2073,Thomas Rawls,12,3,0,0,0,0,0,58,157,2.71,0,13,9,94,10.44,0,23
147,Nick Boyle,15,11,0,0,0,0,0,0,0,,0,37,28,203,7.25,0,22
225,Travaris Cadet,9,0,0,0,0,0,0,23,96,4.17,0,19,16,119,7.44,0,22
903,Braxton Miller,11,3,0,0,0,0,0,1,1,1,0,29,19,162,8.53,1,22
838,Richard Rodgers,15,1,0,0,0,0,0,0,0,,0,19,12,160,13.33,1,22
1316,David Fales,2,0,29,43,265,1,1,4,8,2,1,0,0,0,,0,21
1048,James O'Shaughnessy,16,1,0,0,0,0,0,0,0,,0,24,14,149,10.64,1,21
1129,Demarcus Robinson,16,8,0,0,0,0,0,0,0,,0,39,21,212,10.1,0,21
1451,Phillip Dorsett,15,2,0,0,0,0,0,1,7,7,0,18,12,194,16.17,0,20
1423,Laquon Treadwell,16,7,0,0,0,0,0,0,0,,0,35,20,200,10,0,20
1827,Brent Celek,16,10,0,0,0,0,0,0,0,,0,24,13,130,10,1,19
63,Troy Niklas,15,11,0,0,0,0,0,0,0,,0,23,11,132,12,1,19
1933,Eli Rogers,14,4,0,0,0,0,0,0,0,,0,36,18,149,8.28,1,19
1156,Chris Conley,5,5,0,0,0,0,0,0,0,,0,16,11,175,15.91,0,18
1997,Louis Murphy,7,7,0,0,0,0,0,0,0,,0,17,8,121,15.13,1,18
329,Curtis Samuel,9,4,0,0,0,0,0,4,64,16,0,26,15,115,7.67,0,18
118,Levine Toilolo,15,12,0,0,0,0,0,0,0,,0,14,12,122,10.17,1,18
1722,Eric Tomlinson,14,12,0,0,0,0,0,0,0,,0,11,8,121,15.13,1,18
2086,Nick Vannett,15,4,0,0,0,0,0,0,0,,0,15,12,124,10.33,1,18
1821,Kenjon Barner,13,1,0,0,0,0,0,16,57,3.56,1,8,5,56,11.2,0,17
1317,Anthony Fasano,16,6,0,0,0,0,0,0,0,,0,16,12,107,8.92,1,17
1550,Tommylee Lewis,15,0,0,0,0,0,0,2,14,7,0,14,10,116,11.6,1,17
2331,Stevan Ridley,2,1,0,0,0,0,0,26,108,4.15,1,0,0,0,,0,17
1013,Robert Turbin,6,1,0,0,0,0,0,23,53,2.3,1,11,9,56,6.22,0,17
293,Cameron Artis-Payne,13,0,0,0,0,0,0,18,95,5.28,1,1,1,2,2,0,16
2330,Chris Johnson,4,3,0,0,0,0,0,45,114,2.53,0,6,5,43,8.6,0,16
1044,Jaydon Mickens,10,0,0,0,0,0,0,0,0,,0,11,6,77,12.83,2,16
1407,David Morgan II,15,6,0,0,0,0,0,0,0,,0,12,10,95,9.5,1,16
1274,Josh Reynolds,16,1,0,0,0,0,0,0,0,,0,24,11,104,9.45,1,16
1508,Dwayne Allen,16,8,0,0,0,0,0,0,0,,0,22,10,86,8.6,1,15
32,DJ Foster,7,0,0,0,0,0,0,6,19,3.17,0,28,17,133,7.82,0,15
597,James Hanna,16,8,0,0,0,0,0,0,0,,0,9,4,88,22,1,15
677,Paxton Lynch,2,2,30,45,295,2,3,5,30,6,0,0,0,0,,0,15
678,Brandon Marshall,5,5,0,0,0,0,0,0,0,,0,33,18,154,8.56,0,15
1131,Anthony Sherman,16,3,0,0,0,0,0,14,40,2.86,1,8,6,47,7.83,0,15
483,CJ Uzomah,14,4,0,0,0,0,0,0,0,,0,15,10,92,9.2,1,15
1901,James Conner,14,0,0,0,0,0,0,32,144,4.5,0,1,0,0,,0,14
1393,CJ Ham,16,1,0,0,0,0,0,7,13,1.86,1,8,7,68,9.71,0,14
1919,Darrius Heyward-Bey,16,0,0,0,0,0,0,2,32,16,1,3,2,47,23.5,0,14
1536,Josh Hill,16,11,0,0,0,0,0,1,-8,-8,0,22,16,125,7.81,1,14
1781,EJ Manuel,2,1,24,43,265,1,1,2,15,7.5,0,0,0,0,,0,14
398,Tre McBride,8,3,0,0,0,0,0,0,0,,0,15,8,144,18,0,14
1788,Jamize Olawale,12,0,0,0,0,0,0,9,43,4.78,1,7,6,33,5.5,0,14
1626,Paul Perkins,11,4,0,0,0,0,0,41,90,2.2,0,10,8,46,5.75,0,14
259,Brandon Tate,13,1,0,0,0,0,0,0,0,,0,14,6,81,13.5,1,14
695,Jordan Taylor,10,2,0,0,0,0,0,0,0,,0,20,13,142,10.92,0,14
939,Kamar Aiken,15,7,0,0,0,0,0,0,0,,0,44,15,133,8.87,0,13
294,Brenton Bersin,8,1,0,0,0,0,0,0,0,,0,14,8,128,16,0,13
369,Daniel Brown,14,2,0,0,0,0,0,0,0,,0,20,13,129,9.92,0,13
932,CJ Fiedorowicz,5,5,0,0,0,0,0,0,0,,0,22,14,127,9.07,0,13
456,Jeremy Hill,7,7,0,0,0,0,0,37,116,3.14,0,4,4,16,4,0,13
469,Josh Malone,11,7,0,0,0,0,0,2,2,1,0,17,6,63,10.5,1,13
1930,Roosevelt Nix,16,4,0,0,0,0,0,3,0,0,1,3,2,6,3,1,13
261,Logan Thomas,12,2,0,0,0,0,0,0,0,,0,9,7,67,9.57,1,13
339,Fozzy Whittaker,12,0,0,0,0,0,0,7,18,2.57,0,6,5,47,9.4,1,13
194,Maxx Williams,11,8,0,0,0,0,0,2,6,3,0,18,15,86,5.73,1,13
86,Marvin Hall,8,0,0,0,0,0,0,0,0,,0,9,2,60,30,1,12
2315,Maurice Harris,6,0,0,0,0,0,0,0,0,,0,6,4,62,15.5,1,12
172,Ryan Mallett,2,0,9,16,56,2,0,4,-3,-0.75,0,0,0,0,,0,12
1632,Travis Rudolph,7,1,0,0,0,0,0,0,0,,0,21,8,101,12.63,0,12
121,Terron Ward,14,0,0,0,0,0,0,30,129,4.3,0,3,3,14,4.67,0,12
21,Brandon Williams,14,10,0,0,0,0,0,0,0,,0,17,13,121,9.31,0,12
1298,Lance Dunbar,4,0,0,0,0,0,0,11,51,4.64,1,3,1,1,1,0,11
1529,Trey Edmunds,16,0,0,0,0,0,0,9,48,5.33,1,0,0,0,,0,11
667,De'Angelo Henderson,5,0,0,0,0,0,0,7,13,1.86,0,2,2,36,18,1,11
1539,Michael Hoomanawanui,14,10,0,0,0,0,0,0,0,,0,10,6,52,8.67,1,11
669,Andy Janovich,16,4,0,0,0,0,0,6,12,2,1,6,4,35,8.75,0,11
1195,Branden Oliver,8,0,0,0,0,0,0,35,83,2.37,0,11,6,26,4.33,0,11
2072,CJ Prosise,5,0,0,0,0,0,0,11,23,2.09,0,11,6,87,14.5,0,11
706,Hunter Sharp,3,1,0,0,0,0,0,0,0,,0,9,5,54,10.8,1,11
1888,Darren Sproles,3,0,0,0,0,0,0,15,61,4.07,0,12,7,73,10.43,0,11
1719,ArDarius Stewart,15,2,0,0,0,0,0,7,27,3.86,0,13,6,82,13.67,0,11
1551,Zach Line,12,4,0,0,0,0,0,7,28,4,0,5,2,8,4,1,10
1118,Patrick Mahomes II,1,1,22,35,284,0,1,7,10,1.43,0,0,0,0,,0,10
2146,Freddie Martino,8,0,0,0,0,0,0,0,0,,0,6,5,96,19.2,0,10
2294,Niles Paul,14,8,0,0,0,0,0,2,4,2,0,19,13,94,7.23,0,10
255,Nathan Peterman,4,2,24,49,252,2,5,7,23,3.29,0,0,0,0,,0,10
1636,Geno Smith,2,1,21,36,212,1,0,4,12,3,0,0,0,0,,0,10
1062,Jaelen Strong,2,0,0,0,0,0,0,0,0,,0,4,3,38,12.67,1,10
2232,Phillip Supernaw,16,3,0,0,0,0,0,0,0,,0,6,4,39,9.75,1,10
708,Austin Traylor,7,3,0,0,0,0,0,0,0,,0,13,8,100,12.5,0,10
1211,Mike Williams,10,1,0,0,0,0,0,0,0,,0,23,11,95,8.64,0,10
1595,Jerell Adams,16,1,0,0,0,0,0,0,0,,0,11,8,92,11.5,0,9
298,Kaelin Clay,13,2,0,0,0,0,0,3,27,9,0,19,6,85,14.17,0,9
1913,Xavier Grimble,15,2,0,0,0,0,0,0,0,,0,9,5,32,6.4,1,9
1692,Chad Hansen,15,1,0,0,0,0,0,0,0,,0,17,9,94,10.44,0,9
1924,Landry Jones,3,1,23,28,239,1,1,8,-10,-1.25,0,0,0,0,,0,9
2162,Luke Stocker,12,5,0,0,0,0,0,0,0,,0,5,4,30,7.5,1,9
1279,Mike Thomas,8,1,0,0,0,0,0,0,0,,0,7,5,93,18.6,0,9
2179,Bobo Wilson,3,1,0,0,0,0,0,3,8,2.67,0,1,1,18,18,1,9
769,Zach Zenner,8,0,0,0,0,0,0,14,26,1.86,1,1,0,0,,0,9
808,Trevor Davis,16,0,0,0,0,0,0,2,13,6.5,0,7,5,70,14,0,8
1389,Michael Floyd,11,1,0,0,0,0,0,0,0,,0,17,10,78,7.8,0,8
1922,Justin Hunter,7,1,0,0,0,0,0,0,0,,0,10,4,23,5.75,1,8
177,Breshad Perriman,11,3,0,0,0,0,0,0,0,,0,35,10,77,7.7,0,8
2297,Brian Quick,11,1,0,0,0,0,0,0,0,,0,8,6,76,12.67,0,8
1795,Lee Smith,16,9,0,0,0,0,0,0,0,,0,11,8,76,9.5,0,8
1718,Neal Sterling,11,1,0,0,0,0,0,0,0,,0,10,6,82,13.67,0,8
1863,Nate Sudfeld,1,0,19,23,134,0,0,1,22,22,0,0,0,0,,0,8
913,Chris Thompson,13,0,0,0,0,0,0,0,0,,0,6,5,84,16.8,0,8
1137,Ross Travis,15,3,0,0,0,0,0,0,0,,0,17,7,76,10.86,0,8
1799,Clive Walford,13,0,0,0,0,0,0,0,0,,0,13,9,80,8.89,0,8
556,Kasen Williams,7,2,0,0,0,0,0,0,0,,0,18,9,84,9.33,0,8
1472,Brandon Bolden,16,0,0,0,0,0,0,13,67,5.15,0,4,1,7,7,0,7
1244,Derek Carrier,14,3,0,0,0,0,0,0,0,,0,11,8,71,8.88,0,7
1311,Leonte Carroo,14,0,0,0,0,0,0,0,0,,0,12,7,69,9.86,0,7
513,Sammie Coates,12,1,0,0,0,0,0,0,0,,0,11,6,70,11.67,0,7
1246,Pharoh Cooper,16,1,0,0,0,0,0,1,6,6,0,19,11,84,7.64,0,7
2050,Amara Darboh,16,0,0,0,0,0,0,0,0,,0,13,8,71,8.88,0,7
9,Brittan Golden,13,0,0,0,0,0,0,0,0,,0,9,5,70,14,0,7
131,Brian Hill,7,0,0,0,0,0,0,11,37,3.36,0,2,2,36,18,0,7
26,David Johnson,1,1,0,0,0,0,0,11,23,2.09,0,9,6,67,11.17,0,7
2108,Tre Madden,8,3,0,0,0,0,0,0,0,,0,2,2,65,32.5,0,7
1878,Byron Marshall,4,0,0,0,0,0,0,9,32,3.56,0,8,6,36,6,0,7
2068,Tanner McEvoy,15,0,0,1,0,0,1,0,0,,0,9,5,113,22.6,0,7
280,Marcus Murphy,1,0,0,0,0,0,0,7,41,5.86,0,2,2,7,3.5,0,7
1562,Willie Snead,11,7,0,0,0,0,0,0,0,,0,16,8,92,11.5,0,7
2304,Jeremy Sprinkle,11,5,0,0,0,0,0,0,0,,0,3,2,13,6.5,1,7
553,Bryce Treggs,6,1,0,0,0,0,0,1,6,6,0,18,5,79,15.8,0,7
2170,Alan Cross,8,4,0,0,0,0,0,0,0,,0,6,5,58,11.6,0,6
2201,Jalston Fowler,10,1,0,0,0,0,0,2,4,2,1,1,0,0,,0,6
1038,Ben Koyack,16,3,0,0,0,0,0,0,0,,0,7,5,38,7.6,0,6
173,Vince Mayle,16,0,0,0,0,0,0,2,2,1,1,1,0,0,,0,6
765,Dwayne Washington,5,0,0,0,0,0,0,20,44,2.2,0,2,2,14,7,0,6
1208,Derek Watt,16,4,0,0,0,0,0,6,24,4,0,3,2,35,17.5,0,6
14,Chad Williams,6,1,0,0,0,0,0,2,33,16.5,0,7,3,31,10.33,0,6
1146,Orson Charles,5,0,0,0,0,0,0,0,0,,0,2,2,53,26.5,0,5
501,Tyler Eifert,2,0,0,0,0,0,0,0,0,,0,5,4,46,11.5,0,5
931,Tyler Ervin,4,0,0,0,0,0,0,4,12,3,0,11,8,38,4.75,0,5
1480,Jacob Hollister,15,1,0,0,0,0,0,1,5,5,0,11,4,42,10.5,0,5
1110,Akeem Hunt,15,0,0,0,0,0,0,8,23,2.88,0,7,4,31,7.75,0,5
1269,Sean Mannion,5,1,22,37,185,0,0,9,-2,-0.22,0,0,0,0,,0,5
1190,Sean McGrath,15,6,0,0,0,0,0,0,0,,0,4,4,46,11.5,0,5
59,Ifeanyi Momah,9,2,0,0,0,0,0,0,0,,0,2,1,46,46,0,5
837,Aaron Ripkowski,16,2,0,0,0,0,0,5,13,2.6,0,10,7,39,5.57,0,5
749,Michael Roberts,15,3,0,0,0,0,0,0,0,,0,7,4,46,11.5,0,5
268,Joe Webb,16,0,2,7,35,0,1,8,54,6.75,0,0,0,0,,0,5
413,Markus Wheaton,11,0,0,0,0,0,0,0,0,,0,17,3,51,17,0,5
718,Jared Abbrederis,7,0,0,0,0,0,0,0,0,,0,7,3,44,14.67,0,4
1377,Blake Bell,13,3,0,0,0,0,0,0,0,,0,4,3,19,6.33,0,4
1003,Quan Bray,9,0,0,0,0,0,0,0,0,,0,4,3,39,13,0,4
1383,Mack Brown,4,0,0,0,0,0,0,8,29,3.63,0,1,1,11,11,0,4
847,Michael Clark,2,0,0,0,0,0,0,0,0,,0,14,4,41,10.25,0,4
2334,Matthew Dayes,16,0,0,0,0,0,0,5,13,2.6,0,5,4,29,7.25,0,4
1479,James Develin,16,7,0,0,0,0,0,0,0,,0,10,6,38,6.33,0,4
381,Tanner Gentry,4,3,0,0,0,0,0,0,0,,0,6,3,35,11.67,0,4
2152,Bernard Reedy,11,0,0,0,0,0,0,3,17,5.67,0,2,2,21,10.5,0,4
552,Randall Telfer,16,14,0,0,0,0,0,0,0,,0,4,3,36,12,0,4
1721,Lawrence Thomas,14,4,0,0,0,0,0,2,1,0.5,0,7,6,43,7.17,0,4
1477,Will Tye,3,1,0,0,0,0,0,0,0,,0,6,4,38,9.5,0,4
2118,Antony Auclair,8,3,0,0,0,0,0,0,0,,0,2,2,25,12.5,0,3
584,Noah Brown,13,1,0,0,0,0,0,0,0,,0,9,4,33,8.25,0,3
846,Emanuel Byrd,1,0,0,0,0,0,0,0,0,,0,2,2,31,15.5,0,3
79,Derrick Coleman,16,7,0,0,0,0,0,2,8,4,0,7,2,20,10,0,3
948,Darrell Daniels,12,3,0,0,0,0,0,0,0,,0,13,3,26,8.67,0,3
229,Patrick DiMarco,16,9,0,0,0,0,0,2,-2,-1,0,10,7,28,4,0,3
1848,Marcus Johnson,10,0,0,0,0,0,0,0,0,,0,8,5,45,9,0,3
530,Cody Kessler,3,0,11,23,126,0,1,1,-1,-1,0,0,0,0,,0,3
2333,Jordan Leslie,2,0,0,0,0,0,0,0,0,,0,1,1,26,26,0,3
2332,Chris Matthews,6,0,0,0,0,0,0,0,0,,0,6,3,25,8.33,0,3
470,AJ McCarron,3,0,7,14,66,0,0,0,0,,0,0,0,0,,0,3
1731,Jojo Natson,7,0,0,0,0,0,0,1,15,15,0,5,2,18,9,0,3
1339,Senorise Perry,16,0,0,0,0,0,0,8,30,3.75,0,1,1,3,3,0,3
908,Jay Prosch,16,5,0,0,0,0,0,0,0,,0,4,4,31,7.75,0,3
1365,De'Veon Smith,5,0,0,0,0,0,0,0,0,,0,3,3,27,9,0,3
620,Keith Smith,16,3,0,0,0,0,0,0,0,,0,5,5,26,5.2,0,3
623,Geoff Swaim,15,2,0,0,0,0,0,0,0,,0,2,2,25,12.5,0,3
624,Ryan Switzer,16,0,0,0,0,0,0,4,5,1.25,0,7,6,41,6.83,0,3
1952,Fitzgerald Toussaint,6,0,0,0,0,0,0,6,25,4.17,0,3,2,9,4.5,0,3
1210,Andre Williams,8,0,0,0,0,0,0,9,25,2.78,0,0,0,0,,0,3
123,Nick Williams,1,0,0,0,0,0,0,0,0,,0,4,3,30,10,0,3
2335,Michael Burton,16,3,0,0,0,0,0,4,9,2.25,0,4,2,8,4,0,2
2194,Matt Cassel,2,1,25,42,162,1,2,0,0,,0,0,0,0,,0,2
1095,Jehu Chesson,12,1,0,0,0,0,0,0,0,,0,4,2,18,9,0,2
953,Josh Ferguson,10,0,0,0,0,0,0,1,5,5,0,4,3,16,5.33,0,2
2200,David Fluellen,16,0,0,0,0,0,0,4,21,5.25,0,1,0,0,,0,2
1321,MarQueis Gray,16,0,0,1,0,0,0,5,14,2.8,0,3,1,10,10,0,2
455,Ryan Hewitt,13,4,0,0,0,0,0,0,0,,0,2,2,22,11,0,2
2030,Cole Hikutini,4,0,0,0,0,0,0,0,0,,0,3,2,15,7.5,0,2
319,Chris Manhertz,16,4,0,0,0,0,0,0,0,,0,4,2,17,8.5,0,2
179,Bobby Rainey,4,0,0,0,0,0,0,1,2,2,0,7,5,18,3.6,0,2
1087,Allen Robinson,1,1,0,0,0,0,0,0,0,,0,1,1,17,17,0,2
555,Dan Vitale,15,6,0,0,0,0,0,0,0,,0,5,3,19,6.33,0,2
2336,Griff Whalen,2,0,0,0,0,0,0,0,0,,0,6,4,23,5.75,0,2
2338,DeAndrew White,2,1,0,0,0,0,0,0,0,,0,7,1,24,24,0,2
1016,Arrelious Benn,9,0,0,0,0,0,0,0,0,,0,2,1,12,12,0,1
2339,LeShun Daniels,4,0,0,0,0,0,0,3,14,4.67,0,0,0,0,,0,1
2252,Harry Douglas,2,0,0,0,0,0,0,0,0,,0,3,1,8,8,0,1
1837,Shelton Gibson,5,0,0,0,0,0,0,0,0,,0,3,2,11,5.5,0,1
920,Cobi Hamilton,3,1,0,0,0,0,0,0,0,,0,6,1,8,8,0,1
2337,Taylor Heinicke,1,0,1,1,10,0,0,1,2,2,0,0,0,0,,0,1
817,Jeff Janis,16,0,0,0,0,0,0,0,0,,0,5,2,12,6,0,1
962,Matt Jones,5,0,0,0,0,0,0,5,14,2.8,0,0,0,0,,0,1
287,Taiwan Jones,8,0,0,0,0,0,0,0,0,,0,2,1,11,11,0,1
1996,Raheem Mostert,11,0,0,0,0,0,0,6,30,5,0,0,0,0,,0,1
1075,Larry Pinkard,4,0,0,0,0,0,0,0,0,,0,1,1,5,5,0,1
1653,Darius Powe,1,1,0,0,0,0,0,0,0,,0,4,2,13,6.5,0,1
752,Jake Rudock,3,0,3,5,24,0,1,0,0,,0,0,0,0,,0,1
617,Cooper Rush,2,0,1,3,2,0,0,2,13,6.5,0,0,0,0,,0,1
983,Scott Tolzien,1,1,9,18,128,0,2,2,2,1,0,0,0,0,,0,1
1940,Terrell Watson,10,0,0,0,0,0,0,5,8,1.6,0,0,0,0,,0,1
2238,Eric Weems,16,0,0,0,0,0,0,1,0,0,0,2,1,5,5,0,1
434,Kevin White,1,1,0,0,0,0,0,0,0,,0,4,2,6,3,0,1
291,Derek Anderson,3,0,2,8,17,0,0,2,-2,-1,0,0,0,0,,0,
343,Evan Baylis,1,0,0,0,0,0,0,0,0,,0,0,0,0,,0,
1964,Victor Bolden Jr.,9,0,0,0,0,0,0,0,0,,0,0,0,0,,0,
368,Ben Braunecker,8,0,0,0,0,0,0,0,0,,0,0,0,0,,0,
802,Joe Callahan,1,0,5,7,11,0,0,0,0,,0,0,0,0,,0,
444,Cethan Carter,16,0,0,0,0,0,0,0,0,,0,0,0,0,,0,
1384,Stacy Coley,4,0,0,0,0,0,0,0,0,,0,0,0,0,,0,
445,Cody Core,13,0,0,0,0,0,0,0,0,,0,4,0,0,,0,
1171,Sean Culkin,1,0,0,0,0,0,0,0,0,,0,0,0,0,,0,
1172,Jeff Cumberland,7,3,0,0,0,0,0,0,0,,0,3,2,2,1,0,
1527,Chase Daniel,1,0,0,0,0,0,0,3,-2,-0.67,0,0,0,0,,0,
2051,Austin Davis,3,0,0,0,0,0,0,1,-1,-1,0,0,0,0,,0,
1173,Geremy Davis,2,0,0,0,0,0,0,0,0,,0,0,0,0,,0,
1248,Justin Davis,4,0,0,0,0,0,0,1,1,1,0,0,0,0,,0,
157,Gavin Escobar,2,0,0,0,0,0,0,0,0,,0,0,0,0,,0,
1575,Garrett Griffin,3,0,0,0,0,0,0,0,0,,0,1,1,4,4,0,
1532,Justin Hardee,14,0,0,0,0,0,0,0,0,,0,0,0,0,,0,
454,Clark Harris,16,0,0,0,0,0,0,0,0,,0,0,0,0,,0,
995,Matt Hazel,4,0,0,0,0,0,0,0,0,,0,1,1,1,1,0,
774,Andy Jones,3,0,0,0,0,0,0,0,0,,0,0,0,0,,0,
850,Joe Kerridge,4,0,0,0,0,0,0,0,0,,0,1,1,3,3,0,
1588,John Kuhn,2,1,0,0,0,0,0,1,2,2,0,0,0,0,,0,
1621,Matt LaCosse,5,1,0,0,0,0,0,0,0,,0,1,0,0,,0,
1547,Daniel Lasco,3,0,0,0,0,0,0,0,0,,0,0,0,0,,0,
247,Khari Lee,8,0,0,0,0,0,0,0,0,,0,0,0,0,,0,
563,Terrence Magee,2,0,0,0,0,0,0,0,0,,0,0,0,0,,0,
2287,Colt McCoy,1,0,0,0,0,0,0,0,0,,0,0,0,0,,0,
612,Darren McFadden,1,0,0,0,0,0,0,1,-2,-2,0,0,0,0,,0,
2000,Logan Paulsen,14,1,0,0,0,0,0,0,0,,0,2,0,0,,0,
1747,Charone Peake,3,0,0,0,0,0,0,0,0,,0,1,1,3,3,0,
925,MyCole Pruitt,1,0,0,0,0,0,0,0,0,,0,0,0,0,,0,
113,Eric Saubert,14,0,0,0,0,0,0,0,0,,0,0,0,0,,0,
1454,Matthew Slater,9,0,0,0,0,0,0,0,0,,0,0,0,0,,0,
1505,Nate Solder,16,16,0,0,0,0,0,0,0,,0,0,0,0,,0,
2340,CJ Spiller,1,0,0,0,0,0,0,2,0,0,0,2,0,0,,0,
914,Jordan Todman,14,0,0,0,0,0,0,0,0,,0,0,0,0,,0,
780,Hakeem Valles,1,0,0,0,0,0,0,0,0,,0,0,0,0,,0,
1170,Kellen Clemens,8,0,6,8,36,0,1,5,-5,-1,0,0,0,0,,0,
1032,Chad Henne,2,0,0,2,0,0,0,5,-5,-1,0,0,0,0,,0,
680,Isaiah McKenzie,11,0,0,0,0,0,0,1,4,4,0,13,4,29,7.25,0,
1654,Kalif Raymond,8,0,0,0,0,0,0,1,-1,-1,0,1,1,12,12,0,
108,Andre Roberts,16,0,0,0,0,0,0,0,0,,0,4,1,12,12,0,
477,John Ross,3,1,0,0,0,0,0,1,12,12,0,2,0,0,,0,
1093,Tyler Bray,1,0,0,1,0,0,0,1,0,0,0,0,0,0,,0,
1380,Teddy Bridgewater,1,0,0,2,0,0,1,3,-3,-1,0,0,0,0,,0,
1322,Matt Haack,16,0,0,1,0,0,1,0,0,,0,0,0,0,,0,
827,Devante Mays,8,0,0,0,0,0,0,4,1,0.25,0,3,3,0,0,0,
